method,Avg Rank (Accuracy↑),Avg Rank (Runtime↓),Avg Rank (Features↓),Overall Avg Rank
LASSO,2.875,1.0,3.875,2.5833333333333335
IAMB Only,3.5,3.75,1.625,2.9583333333333335
RF Importance,3.0,2.0,4.625,3.2083333333333335
CluMarPareto,3.5,5.333333333333333,1.6666666666666667,3.4999999999999996
NSGA2 Standalone,3.25,5.25,2.375,3.625
DBSCAN + IAMB,4.0,3.0,6.0,4.333333333333333
