method,Avg Rank (Accuracy↑),Avg Rank (Runtime↓),Avg Rank (Features↓),Overall Avg Rank
LASSO,3.0,1.0,5.375,3.125
IAMB + NSGA2,3.875,4.75,1.5,3.375
IAMB Only,3.5,3.5,3.25,3.4166666666666665
RF Importance,3.25,2.0,6.125,3.7916666666666665
CluMarPareto,3.875,6.5,2.125,4.166666666666667
NSGA2 Standalone,5.0,6.5,3.25,4.916666666666667
XDBSCAN + IAMB,5.5,3.75,6.375,5.208333333333333
