method,Avg Rank (Accuracy↑),Avg Rank (Runtime↓),Avg Rank (Features↓),Overall Avg Rank
LASSO,3.375,1.0,5.5,3.2916666666666665
IAMB Only,3.75,4.0,3.75,3.8333333333333335
CluMarPareto,3.0,6.25,2.625,3.9583333333333335
IAMB + NSGA2,5.5,4.75,1.875,4.041666666666667
RF Importance,4.0,2.0,6.125,4.041666666666667
NSGA2 Standalone,3.625,6.75,1.875,4.083333333333333
XDBSCAN + IAMB,4.75,3.25,6.25,4.75
